timestamp	control	feature	model	pid	rss_kb	rss_gb
2026-05-11T08:58:38+02:00	fixed_type	pos	bert	1642247	4580	0.00
2026-05-11T08:58:48+02:00	fixed_type	pos	bert	1642247	946336	0.90
2026-05-11T08:58:58+02:00	fixed_type	pos	bert	1642247	1489908	1.42
2026-05-11T08:59:08+02:00	fixed_type	pos	bert	1642247	1578084	1.50
2026-05-11T08:59:18+02:00	fixed_type	pos	bert	1642247	1614252	1.54
2026-05-11T08:59:28+02:00	fixed_type	pos	bert	1642247	1628244	1.55
2026-05-11T08:59:39+02:00	fixed_type	pos	bert	1642247	1669140	1.59
2026-05-11T08:59:49+02:00	fixed_type	pos	bert	1642247	1645608	1.57
2026-05-11T08:59:59+02:00	fixed_type	pos	bert	1642247	1669568	1.59
2026-05-11T09:00:09+02:00	fixed_type	pos	bert	1642247	1682048	1.60
2026-05-11T09:00:19+02:00	fixed_type	pos	bert	1642247	1664968	1.59
2026-05-11T09:00:29+02:00	fixed_type	pos	bert	1642247	1682204	1.60
2026-05-11T09:00:39+02:00	fixed_type	pos	bert	1642247	1677848	1.60
2026-05-11T09:00:49+02:00	fixed_type	pos	bert	1642247	1698788	1.62
2026-05-11T09:00:59+02:00	fixed_type	pos	bert	1642247	1693872	1.62
2026-05-11T09:01:09+02:00	fixed_type	pos	bert	1642247	1698708	1.62
2026-05-11T09:01:19+02:00	fixed_type	pos	bert	1642247	1699060	1.62
2026-05-11T09:01:29+02:00	fixed_type	pos	bert	1642247	1698880	1.62
2026-05-11T09:01:39+02:00	fixed_type	pos	bert	1642247	1669668	1.59
2026-05-11T09:01:49+02:00	fixed_type	pos	bert	1642247	1669748	1.59
2026-05-11T09:01:59+02:00	fixed_type	pos	bert	1642247	1669808	1.59
2026-05-11T09:02:09+02:00	fixed_type	pos	bert	1642247	1669352	1.59
2026-05-11T09:02:19+02:00	fixed_type	pos	bert	1642247	1669428	1.59
2026-05-11T09:02:29+02:00	fixed_type	pos	bert	1642247	1669516	1.59
2026-05-11T09:02:39+02:00	fixed_type	pos	bert	1642247	1693616	1.62
2026-05-11T09:02:49+02:00	fixed_type	pos	bert	1642247	1693668	1.62
2026-05-11T09:02:59+02:00	fixed_type	pos	bert	1642247	1693476	1.62
2026-05-11T09:03:09+02:00	fixed_type	pos	bert	1642247	1693816	1.62
2026-05-11T09:03:19+02:00	fixed_type	pos	bert	1642247	1669616	1.59
2026-05-11T09:03:29+02:00	fixed_type	pos	bert	1642247	1671420	1.59
2026-05-11T09:03:39+02:00	fixed_type	pos	bert	1642247	1678128	1.60
2026-05-11T09:03:49+02:00	fixed_type	pos	bert	1642247	1678128	1.60
2026-05-11T09:03:59+02:00	fixed_type	pos	bert	1642247	1678128	1.60
2026-05-11T09:04:09+02:00	fixed_type	pos	bert	1642247	1678128	1.60
2026-05-11T09:04:19+02:00	fixed_type	pos	bert	1642247	1678128	1.60
2026-05-11T09:04:29+02:00	fixed_type	pos	bert	1642247	1678128	1.60
2026-05-11T09:04:39+02:00	fixed_type	pos	bert	1642247	1678128	1.60
2026-05-11T09:04:49+02:00	fixed_type	pos	bert	1642247	1679672	1.60
2026-05-11T09:04:59+02:00	fixed_type	pos	bert	1642247	1679672	1.60
2026-05-11T09:05:09+02:00	fixed_type	pos	bert	1642247	1679672	1.60
2026-05-11T09:05:19+02:00	fixed_type	pos	bert	1642247	1679672	1.60
2026-05-11T09:05:29+02:00	fixed_type	pos	bert	1642247	1679672	1.60
2026-05-11T09:05:39+02:00	fixed_type	pos	bert	1642247	1679672	1.60
2026-05-11T09:05:49+02:00	fixed_type	pos	bert	1642247	1679672	1.60
2026-05-11T09:05:59+02:00	fixed_type	pos	gpt2	1647426	4572	0.00
2026-05-11T09:06:09+02:00	fixed_type	pos	gpt2	1647426	951672	0.91
2026-05-11T09:06:19+02:00	fixed_type	pos	gpt2	1647426	1518388	1.45
2026-05-11T09:06:29+02:00	fixed_type	pos	gpt2	1647426	1591252	1.52
2026-05-11T09:06:39+02:00	fixed_type	pos	gpt2	1647426	1625308	1.55
2026-05-11T09:06:49+02:00	fixed_type	pos	gpt2	1647426	1638508	1.56
2026-05-11T09:06:59+02:00	fixed_type	pos	gpt2	1647426	1642468	1.57
2026-05-11T09:07:09+02:00	fixed_type	pos	gpt2	1647426	1700396	1.62
2026-05-11T09:07:19+02:00	fixed_type	pos	gpt2	1647426	1687780	1.61
2026-05-11T09:07:29+02:00	fixed_type	pos	gpt2	1647426	1700492	1.62
2026-05-11T09:07:39+02:00	fixed_type	pos	gpt2	1647426	1700520	1.62
2026-05-11T09:07:49+02:00	fixed_type	pos	gpt2	1647426	1688156	1.61
2026-05-11T09:07:59+02:00	fixed_type	pos	gpt2	1647426	1716312	1.64
2026-05-11T09:08:09+02:00	fixed_type	pos	gpt2	1647426	1711056	1.63
2026-05-11T09:08:19+02:00	fixed_type	pos	gpt2	1647426	1687332	1.61
2026-05-11T09:08:29+02:00	fixed_type	pos	gpt2	1647426	1687096	1.61
2026-05-11T09:08:39+02:00	fixed_type	pos	gpt2	1647426	1682388	1.60
2026-05-11T09:08:49+02:00	fixed_type	pos	gpt2	1647426	1663024	1.59
2026-05-11T09:08:59+02:00	fixed_type	pos	gpt2	1647426	1686916	1.61
2026-05-11T09:09:09+02:00	fixed_type	pos	gpt2	1647426	1710952	1.63
2026-05-11T09:09:19+02:00	fixed_type	pos	gpt2	1647426	1686956	1.61
2026-05-11T09:09:29+02:00	fixed_type	pos	gpt2	1647426	1686980	1.61
2026-05-11T09:09:39+02:00	fixed_type	pos	gpt2	1647426	1729088	1.65
2026-05-11T09:09:49+02:00	fixed_type	pos	gpt2	1647426	1709200	1.63
2026-05-11T09:09:59+02:00	fixed_type	pos	gpt2	1647426	1716320	1.64
2026-05-11T09:10:09+02:00	fixed_type	pos	gpt2	1647426	1688892	1.61
2026-05-11T09:10:19+02:00	fixed_type	pos	gpt2	1647426	1687072	1.61
2026-05-11T09:10:29+02:00	fixed_type	pos	gpt2	1647426	1716128	1.64
2026-05-11T09:10:39+02:00	fixed_type	pos	gpt2	1647426	1699528	1.62
2026-05-11T09:10:49+02:00	fixed_type	pos	gpt2	1647426	1694940	1.62
2026-05-11T09:10:59+02:00	fixed_type	pos	gpt2	1647426	1694940	1.62
2026-05-11T09:11:09+02:00	fixed_type	pos	gpt2	1647426	1694940	1.62
2026-05-11T09:11:19+02:00	fixed_type	pos	gpt2	1647426	1694940	1.62
2026-05-11T09:11:29+02:00	fixed_type	pos	gpt2	1647426	1694940	1.62
2026-05-11T09:11:39+02:00	fixed_type	pos	gpt2	1647426	1694940	1.62
2026-05-11T09:11:49+02:00	fixed_type	pos	gpt2	1647426	1694940	1.62
2026-05-11T09:11:59+02:00	fixed_type	pos	gpt2	1647426	1694940	1.62
2026-05-11T09:12:09+02:00	fixed_type	pos	gpt2	1647426	1696428	1.62
2026-05-11T09:12:19+02:00	fixed_type	pos	gpt2	1647426	1696428	1.62
2026-05-11T09:12:29+02:00	fixed_type	pos	gpt2	1647426	1696428	1.62
2026-05-11T09:12:39+02:00	fixed_type	pos	gpt2	1647426	1696428	1.62
2026-05-11T09:12:49+02:00	fixed_type	pos	gpt2	1647426	1696428	1.62
2026-05-11T09:12:59+02:00	fixed_type	pos	gpt2	1647426	1696428	1.62
2026-05-11T09:13:09+02:00	fixed_type	pos	gpt2	1647426	1696428	1.62
2026-05-11T09:13:19+02:00	fixed_type	length	bert	1647721	4484	0.00
2026-05-11T09:13:29+02:00	fixed_type	length	bert	1647721	947380	0.90
2026-05-11T09:13:39+02:00	fixed_type	length	bert	1647721	1529996	1.46
2026-05-11T09:13:49+02:00	fixed_type	length	bert	1647721	1628468	1.55
2026-05-11T09:13:59+02:00	fixed_type	length	bert	1647721	1664108	1.59
2026-05-11T09:14:09+02:00	fixed_type	length	bert	1647721	1675988	1.60
2026-05-11T09:14:19+02:00	fixed_type	length	bert	1647721	1706632	1.63
2026-05-11T09:14:29+02:00	fixed_type	length	bert	1647721	1721896	1.64
2026-05-11T09:14:39+02:00	fixed_type	length	bert	1647721	1732144	1.65
2026-05-11T09:14:49+02:00	fixed_type	length	bert	1647721	1726552	1.65
2026-05-11T09:14:59+02:00	fixed_type	length	bert	1647721	1706704	1.63
2026-05-11T09:15:09+02:00	fixed_type	length	bert	1647721	1710076	1.63
2026-05-11T09:15:19+02:00	fixed_type	length	bert	1647721	1732404	1.65
2026-05-11T09:15:29+02:00	fixed_type	length	bert	1647721	1706748	1.63
2026-05-11T09:15:39+02:00	fixed_type	length	bert	1647721	1702212	1.62
2026-05-11T09:15:49+02:00	fixed_type	length	bert	1647721	1732604	1.65
2026-05-11T09:15:59+02:00	fixed_type	length	bert	1647721	1732596	1.65
2026-05-11T09:16:09+02:00	fixed_type	length	bert	1647721	1706940	1.63
2026-05-11T09:16:19+02:00	fixed_type	length	bert	1647721	1732276	1.65
2026-05-11T09:16:29+02:00	fixed_type	length	bert	1647721	1706884	1.63
2026-05-11T09:16:39+02:00	fixed_type	length	bert	1647721	1732788	1.65
2026-05-11T09:16:49+02:00	fixed_type	length	bert	1647721	1731196	1.65
2026-05-11T09:16:59+02:00	fixed_type	length	bert	1647721	1732772	1.65
2026-05-11T09:17:09+02:00	fixed_type	length	bert	1647721	1730916	1.65
2026-05-11T09:17:19+02:00	fixed_type	length	bert	1647721	1725100	1.65
2026-05-11T09:17:29+02:00	fixed_type	length	bert	1647721	1706876	1.63
2026-05-11T09:17:39+02:00	fixed_type	length	bert	1647721	1732516	1.65
2026-05-11T09:17:49+02:00	fixed_type	length	bert	1647721	1732508	1.65
2026-05-11T09:17:59+02:00	fixed_type	length	bert	1647721	1706852	1.63
2026-05-11T09:18:09+02:00	fixed_type	length	bert	1647721	1730604	1.65
2026-05-11T09:18:19+02:00	fixed_type	length	bert	1647721	1701780	1.62
2026-05-11T09:18:29+02:00	fixed_type	length	bert	1647721	1732172	1.65
2026-05-11T09:18:39+02:00	fixed_type	length	bert	1647721	1706780	1.63
2026-05-11T09:18:49+02:00	fixed_type	length	bert	1647721	1721028	1.64
2026-05-11T09:18:59+02:00	fixed_type	length	bert	1647721	1702012	1.62
2026-05-11T09:19:09+02:00	fixed_type	length	bert	1647721	1732668	1.65
2026-05-11T09:19:19+02:00	fixed_type	length	bert	1647721	1732396	1.65
2026-05-11T09:19:29+02:00	fixed_type	length	bert	1647721	1706780	1.63
2026-05-11T09:19:39+02:00	fixed_type	length	bert	1647721	1719708	1.64
2026-05-11T09:19:49+02:00	fixed_type	length	bert	1647721	1730524	1.65
2026-05-11T09:19:59+02:00	fixed_type	length	bert	1647721	1706980	1.63
2026-05-11T09:20:09+02:00	fixed_type	length	bert	1647721	1714900	1.64
2026-05-11T09:20:19+02:00	fixed_type	length	bert	1647721	1714900	1.64
2026-05-11T09:20:29+02:00	fixed_type	length	bert	1647721	1714900	1.64
2026-05-11T09:20:39+02:00	fixed_type	length	bert	1647721	1714900	1.64
2026-05-11T09:20:49+02:00	fixed_type	length	bert	1647721	1714900	1.64
2026-05-11T09:20:59+02:00	fixed_type	length	bert	1647721	1714900	1.64
2026-05-11T09:21:09+02:00	fixed_type	length	bert	1647721	1714900	1.64
2026-05-11T09:21:19+02:00	fixed_type	length	bert	1647721	1714900	1.64
2026-05-11T09:21:29+02:00	fixed_type	length	bert	1647721	1714900	1.64
2026-05-11T09:21:39+02:00	fixed_type	length	bert	1647721	1714900	1.64
2026-05-11T09:21:49+02:00	fixed_type	length	bert	1647721	1714900	1.64
2026-05-11T09:21:59+02:00	fixed_type	length	bert	1647721	1716004	1.64
2026-05-11T09:22:09+02:00	fixed_type	length	bert	1647721	1716004	1.64
2026-05-11T09:22:19+02:00	fixed_type	length	bert	1647721	1716004	1.64
2026-05-11T09:22:29+02:00	fixed_type	length	bert	1647721	1716004	1.64
2026-05-11T09:22:39+02:00	fixed_type	length	bert	1647721	1716004	1.64
2026-05-11T09:22:49+02:00	fixed_type	length	bert	1647721	1716004	1.64
2026-05-11T09:22:59+02:00	fixed_type	length	bert	1647721	1716004	1.64
2026-05-11T09:23:09+02:00	fixed_type	length	bert	1647721	1716004	1.64
2026-05-11T09:23:19+02:00	fixed_type	length	gpt2	1648126	4492	0.00
2026-05-11T09:23:29+02:00	fixed_type	length	gpt2	1648126	946064	0.90
2026-05-11T09:23:39+02:00	fixed_type	length	gpt2	1648126	1516464	1.45
2026-05-11T09:23:49+02:00	fixed_type	length	gpt2	1648126	1612824	1.54
2026-05-11T09:23:59+02:00	fixed_type	length	gpt2	1648126	1654272	1.58
2026-05-11T09:24:09+02:00	fixed_type	length	gpt2	1648126	1670904	1.59
2026-05-11T09:24:19+02:00	fixed_type	length	gpt2	1648126	1676712	1.60
2026-05-11T09:24:29+02:00	fixed_type	length	gpt2	1648126	1732776	1.65
2026-05-11T09:24:39+02:00	fixed_type	length	gpt2	1648126	1704308	1.63
2026-05-11T09:24:49+02:00	fixed_type	length	gpt2	1648126	1700684	1.62
2026-05-11T09:24:59+02:00	fixed_type	length	gpt2	1648126	1721904	1.64
2026-05-11T09:25:09+02:00	fixed_type	length	gpt2	1648126	1704288	1.63
2026-05-11T09:25:19+02:00	fixed_type	length	gpt2	1648126	1690528	1.61
2026-05-11T09:25:29+02:00	fixed_type	length	gpt2	1648126	1734408	1.65
2026-05-11T09:25:39+02:00	fixed_type	length	gpt2	1648126	1709136	1.63
2026-05-11T09:25:49+02:00	fixed_type	length	gpt2	1648126	1724284	1.64
2026-05-11T09:25:59+02:00	fixed_type	length	gpt2	1648126	1704056	1.63
2026-05-11T09:26:09+02:00	fixed_type	length	gpt2	1648126	1732960	1.65
2026-05-11T09:26:19+02:00	fixed_type	length	gpt2	1648126	1732824	1.65
2026-05-11T09:26:29+02:00	fixed_type	length	gpt2	1648126	1709164	1.63
2026-05-11T09:26:39+02:00	fixed_type	length	gpt2	1648126	1735880	1.66
2026-05-11T09:26:49+02:00	fixed_type	length	gpt2	1648126	1690428	1.61
2026-05-11T09:26:59+02:00	fixed_type	length	gpt2	1648126	1704476	1.63
2026-05-11T09:27:09+02:00	fixed_type	length	gpt2	1648126	1732852	1.65
2026-05-11T09:27:19+02:00	fixed_type	length	gpt2	1648126	1732952	1.65
2026-05-11T09:27:29+02:00	fixed_type	length	gpt2	1648126	1709292	1.63
2026-05-11T09:27:39+02:00	fixed_type	length	gpt2	1648126	1709156	1.63
2026-05-11T09:27:49+02:00	fixed_type	length	gpt2	1648126	1704532	1.63
2026-05-11T09:27:59+02:00	fixed_type	length	gpt2	1648126	1743792	1.66
2026-05-11T09:28:09+02:00	fixed_type	length	gpt2	1648126	1704468	1.63
2026-05-11T09:28:19+02:00	fixed_type	length	gpt2	1648126	1704332	1.63
2026-05-11T09:28:29+02:00	fixed_type	length	gpt2	1648126	1732972	1.65
2026-05-11T09:28:39+02:00	fixed_type	length	gpt2	1648126	1732836	1.65
2026-05-11T09:28:49+02:00	fixed_type	length	gpt2	1648126	1748464	1.67
2026-05-11T09:28:59+02:00	fixed_type	length	gpt2	1648126	1721684	1.64
2026-05-11T09:29:09+02:00	fixed_type	length	gpt2	1648126	1709112	1.63
2026-05-11T09:29:19+02:00	fixed_type	length	gpt2	1648126	1709240	1.63
2026-05-11T09:29:29+02:00	fixed_type	length	gpt2	1648126	1732920	1.65
2026-05-11T09:29:39+02:00	fixed_type	length	gpt2	1648126	1709052	1.63
2026-05-11T09:29:49+02:00	fixed_type	length	gpt2	1648126	1734608	1.65
2026-05-11T09:29:59+02:00	fixed_type	length	gpt2	1648126	1709128	1.63
2026-05-11T09:30:09+02:00	fixed_type	length	gpt2	1648126	1709228	1.63
2026-05-11T09:30:19+02:00	fixed_type	length	gpt2	1648126	1716036	1.64
2026-05-11T09:30:29+02:00	fixed_type	length	gpt2	1648126	1716036	1.64
2026-05-11T09:30:39+02:00	fixed_type	length	gpt2	1648126	1716036	1.64
2026-05-11T09:30:49+02:00	fixed_type	length	gpt2	1648126	1716036	1.64
2026-05-11T09:30:59+02:00	fixed_type	length	gpt2	1648126	1716036	1.64
2026-05-11T09:31:09+02:00	fixed_type	length	gpt2	1648126	1716036	1.64
2026-05-11T09:31:19+02:00	fixed_type	length	gpt2	1648126	1716036	1.64
2026-05-11T09:31:29+02:00	fixed_type	length	gpt2	1648126	1716036	1.64
2026-05-11T09:31:39+02:00	fixed_type	length	gpt2	1648126	1716036	1.64
2026-05-11T09:31:49+02:00	fixed_type	length	gpt2	1648126	1716036	1.64
2026-05-11T09:31:59+02:00	fixed_type	length	gpt2	1648126	1716036	1.64
2026-05-11T09:32:09+02:00	fixed_type	length	gpt2	1648126	1716036	1.64
2026-05-11T09:32:19+02:00	fixed_type	length	gpt2	1648126	1717472	1.64
2026-05-11T09:32:29+02:00	fixed_type	length	gpt2	1648126	1717472	1.64
2026-05-11T09:32:40+02:00	fixed_type	length	gpt2	1648126	1717472	1.64
2026-05-11T09:32:50+02:00	fixed_type	length	gpt2	1648126	1717472	1.64
2026-05-11T09:33:00+02:00	fixed_type	length	gpt2	1648126	1717472	1.64
2026-05-11T09:33:10+02:00	fixed_type	length	gpt2	1648126	1717472	1.64
2026-05-11T09:33:20+02:00	fixed_type	length	gpt2	1648126	1717472	1.64
2026-05-11T09:33:30+02:00	fixed_type	length	gpt2	1648126	1717472	1.64
2026-05-11T09:33:40+02:00	fixed_type	index	bert	1650047	4540	0.00
2026-05-11T09:33:50+02:00	fixed_type	index	bert	1650047	955080	0.91
2026-05-11T09:34:00+02:00	fixed_type	index	bert	1650047	949392	0.91
2026-05-11T09:34:10+02:00	fixed_type	index	bert	1650047	1577820	1.50
2026-05-11T09:34:20+02:00	fixed_type	index	bert	1650047	1692132	1.61
2026-05-11T09:34:30+02:00	fixed_type	index	bert	1650047	1746780	1.67
2026-05-11T09:34:40+02:00	fixed_type	index	bert	1650047	1777668	1.70
2026-05-11T09:34:50+02:00	fixed_type	index	bert	1650047	1791396	1.71
2026-05-11T09:35:00+02:00	fixed_type	index	bert	1650047	1795356	1.71
2026-05-11T09:35:10+02:00	fixed_type	index	bert	1650047	1851352	1.77
2026-05-11T09:35:20+02:00	fixed_type	index	bert	1650047	1839880	1.75
2026-05-11T09:35:30+02:00	fixed_type	index	bert	1650047	1851448	1.77
2026-05-11T09:35:40+02:00	fixed_type	index	bert	1650047	1827640	1.74
2026-05-11T09:35:50+02:00	fixed_type	index	bert	1650047	1822840	1.74
2026-05-11T09:36:00+02:00	fixed_type	index	bert	1650047	1822928	1.74
2026-05-11T09:36:10+02:00	fixed_type	index	bert	1650047	1851464	1.77
2026-05-11T09:36:20+02:00	fixed_type	index	bert	1650047	1851416	1.77
2026-05-11T09:36:30+02:00	fixed_type	index	bert	1650047	1822856	1.74
2026-05-11T09:36:40+02:00	fixed_type	index	bert	1650047	1851656	1.77
2026-05-11T09:36:50+02:00	fixed_type	index	bert	1650047	1827728	1.74
2026-05-11T09:37:00+02:00	fixed_type	index	bert	1650047	1827488	1.74
2026-05-11T09:37:10+02:00	fixed_type	index	bert	1650047	1851800	1.77
2026-05-11T09:37:20+02:00	fixed_type	index	bert	1650047	1851824	1.77
2026-05-11T09:37:30+02:00	fixed_type	index	bert	1650047	1827344	1.74
2026-05-11T09:37:40+02:00	fixed_type	index	bert	1650047	1854176	1.77
2026-05-11T09:37:50+02:00	fixed_type	index	bert	1650047	1827536	1.74
2026-05-11T09:38:00+02:00	fixed_type	index	bert	1650047	1827488	1.74
2026-05-11T09:38:10+02:00	fixed_type	index	bert	1650047	1851272	1.77
2026-05-11T09:38:20+02:00	fixed_type	index	bert	1650047	1867396	1.78
2026-05-11T09:38:30+02:00	fixed_type	index	bert	1650047	1812596	1.73
2026-05-11T09:38:40+02:00	fixed_type	index	bert	1650047	1827728	1.74
2026-05-11T09:38:50+02:00	fixed_type	index	bert	1650047	1827416	1.74
2026-05-11T09:39:00+02:00	fixed_type	index	bert	1650047	1808572	1.72
2026-05-11T09:39:10+02:00	fixed_type	index	bert	1650047	1822976	1.74
2026-05-11T09:39:20+02:00	fixed_type	index	bert	1650047	1827488	1.74
2026-05-11T09:39:30+02:00	fixed_type	index	bert	1650047	1851800	1.77
2026-05-11T09:39:40+02:00	fixed_type	index	bert	1650047	1842848	1.76
2026-05-11T09:39:50+02:00	fixed_type	index	bert	1650047	1827752	1.74
2026-05-11T09:40:00+02:00	fixed_type	index	bert	1650047	1822760	1.74
2026-05-11T09:40:10+02:00	fixed_type	index	bert	1650047	1851296	1.77
2026-05-11T09:40:20+02:00	fixed_type	index	bert	1650047	1827752	1.74
2026-05-11T09:40:30+02:00	fixed_type	index	bert	1650047	1822760	1.74
2026-05-11T09:40:40+02:00	fixed_type	index	bert	1650047	1851368	1.77
2026-05-11T09:40:50+02:00	fixed_type	index	bert	1650047	1827560	1.74
2026-05-11T09:41:00+02:00	fixed_type	index	bert	1650047	1851344	1.77
2026-05-11T09:41:10+02:00	fixed_type	index	bert	1650047	1827608	1.74
2026-05-11T09:41:20+02:00	fixed_type	index	bert	1650047	1827632	1.74
2026-05-11T09:41:30+02:00	fixed_type	index	bert	1650047	1827584	1.74
2026-05-11T09:41:40+02:00	fixed_type	index	bert	1650047	1827536	1.74
2026-05-11T09:41:50+02:00	fixed_type	index	bert	1650047	1808428	1.72
2026-05-11T09:42:00+02:00	fixed_type	index	bert	1650047	1863020	1.78
2026-05-11T09:42:10+02:00	fixed_type	index	bert	1650047	1851560	1.77
2026-05-11T09:42:20+02:00	fixed_type	index	bert	1650047	1827560	1.74
2026-05-11T09:42:30+02:00	fixed_type	index	bert	1650047	1848368	1.76
2026-05-11T09:42:40+02:00	fixed_type	index	bert	1650047	1822784	1.74
2026-05-11T09:42:50+02:00	fixed_type	index	bert	1650047	1827560	1.74
2026-05-11T09:43:00+02:00	fixed_type	index	bert	1650047	1853912	1.77
2026-05-11T09:43:10+02:00	fixed_type	index	bert	1650047	1827464	1.74
2026-05-11T09:43:20+02:00	fixed_type	index	bert	1650047	1827680	1.74
2026-05-11T09:43:30+02:00	fixed_type	index	bert	1650047	1808576	1.72
2026-05-11T09:43:40+02:00	fixed_type	index	bert	1650047	1835720	1.75
2026-05-11T09:43:50+02:00	fixed_type	index	bert	1650047	1835720	1.75
2026-05-11T09:44:00+02:00	fixed_type	index	bert	1650047	1835720	1.75
2026-05-11T09:44:10+02:00	fixed_type	index	bert	1650047	1835720	1.75
2026-05-11T09:44:20+02:00	fixed_type	index	bert	1650047	1835720	1.75
2026-05-11T09:44:30+02:00	fixed_type	index	bert	1650047	1835720	1.75
2026-05-11T09:44:40+02:00	fixed_type	index	bert	1650047	1835720	1.75
2026-05-11T09:44:50+02:00	fixed_type	index	bert	1650047	1835720	1.75
2026-05-11T09:45:00+02:00	fixed_type	index	bert	1650047	1835720	1.75
2026-05-11T09:45:10+02:00	fixed_type	index	bert	1650047	1835720	1.75
2026-05-11T09:45:20+02:00	fixed_type	index	bert	1650047	1835720	1.75
2026-05-11T09:45:30+02:00	fixed_type	index	bert	1650047	1835720	1.75
2026-05-11T09:45:40+02:00	fixed_type	index	bert	1650047	1835720	1.75
2026-05-11T09:45:50+02:00	fixed_type	index	bert	1650047	1835720	1.75
2026-05-11T09:46:00+02:00	fixed_type	index	bert	1650047	1835720	1.75
2026-05-11T09:46:10+02:00	fixed_type	index	bert	1650047	1835720	1.75
2026-05-11T09:46:20+02:00	fixed_type	index	bert	1650047	1837024	1.75
2026-05-11T09:46:30+02:00	fixed_type	index	bert	1650047	1837024	1.75
2026-05-11T09:46:40+02:00	fixed_type	index	bert	1650047	1837024	1.75
2026-05-11T09:46:50+02:00	fixed_type	index	bert	1650047	1837024	1.75
2026-05-11T09:47:00+02:00	fixed_type	index	bert	1650047	1837024	1.75
2026-05-11T09:47:10+02:00	fixed_type	index	bert	1650047	1837024	1.75
2026-05-11T09:47:20+02:00	fixed_type	index	bert	1650047	1837024	1.75
2026-05-11T09:47:30+02:00	fixed_type	index	bert	1650047	1837024	1.75
2026-05-11T09:47:40+02:00	fixed_type	index	bert	1650047	1837024	1.75
2026-05-11T09:47:50+02:00	fixed_type	index	bert	1650047	1837024	1.75
2026-05-11T09:48:00+02:00	fixed_type	index	bert	1650047	1837024	1.75
2026-05-11T09:48:10+02:00	fixed_type	index	bert	1650047	1837024	1.75
2026-05-11T09:48:20+02:00	fixed_type	index	gpt2	1651549	4500	0.00
2026-05-11T09:48:30+02:00	fixed_type	index	gpt2	1651549	954508	0.91
2026-05-11T09:48:40+02:00	fixed_type	index	gpt2	1651549	948532	0.90
2026-05-11T09:48:50+02:00	fixed_type	index	gpt2	1651549	1549892	1.48
2026-05-11T09:49:00+02:00	fixed_type	index	gpt2	1651549	1657076	1.58
2026-05-11T09:49:10+02:00	fixed_type	index	gpt2	1651549	1717532	1.64
2026-05-11T09:49:20+02:00	fixed_type	index	gpt2	1651549	1753964	1.67
2026-05-11T09:49:30+02:00	fixed_type	index	gpt2	1651549	1772972	1.69
2026-05-11T09:49:40+02:00	fixed_type	index	gpt2	1651549	1781156	1.70
2026-05-11T09:49:51+02:00	fixed_type	index	gpt2	1651549	1784060	1.70
2026-05-11T09:50:01+02:00	fixed_type	index	gpt2	1651549	1837640	1.75
2026-05-11T09:50:11+02:00	fixed_type	index	gpt2	1651549	1812512	1.73
2026-05-11T09:50:21+02:00	fixed_type	index	gpt2	1651549	1812416	1.73
2026-05-11T09:50:31+02:00	fixed_type	index	gpt2	1651549	1812056	1.73
2026-05-11T09:50:41+02:00	fixed_type	index	gpt2	1651549	1807736	1.72
2026-05-11T09:50:51+02:00	fixed_type	index	gpt2	1651549	1812468	1.73
2026-05-11T09:51:01+02:00	fixed_type	index	gpt2	1651549	1812372	1.73
2026-05-11T09:51:11+02:00	fixed_type	index	gpt2	1651549	1838100	1.75
2026-05-11T09:51:21+02:00	fixed_type	index	gpt2	1651549	1836156	1.75
2026-05-11T09:51:31+02:00	fixed_type	index	gpt2	1651549	1812564	1.73
2026-05-11T09:51:41+02:00	fixed_type	index	gpt2	1651549	1825356	1.74
2026-05-11T09:51:51+02:00	fixed_type	index	gpt2	1651549	1812324	1.73
2026-05-11T09:52:01+02:00	fixed_type	index	gpt2	1651549	1835940	1.75
2026-05-11T09:52:11+02:00	fixed_type	index	gpt2	1651549	1807860	1.72
2026-05-11T09:52:21+02:00	fixed_type	index	gpt2	1651549	1833588	1.75
2026-05-11T09:52:31+02:00	fixed_type	index	gpt2	1651549	1826844	1.74
2026-05-11T09:52:41+02:00	fixed_type	index	gpt2	1651549	1838052	1.75
2026-05-11T09:52:51+02:00	fixed_type	index	gpt2	1651549	1812612	1.73
2026-05-11T09:53:01+02:00	fixed_type	index	gpt2	1651549	1838076	1.75
2026-05-11T09:53:11+02:00	fixed_type	index	gpt2	1651549	1812636	1.73
2026-05-11T09:53:21+02:00	fixed_type	index	gpt2	1651549	1807740	1.72
2026-05-11T09:53:31+02:00	fixed_type	index	gpt2	1651549	1825284	1.74
2026-05-11T09:53:41+02:00	fixed_type	index	gpt2	1651549	1807500	1.72
2026-05-11T09:53:51+02:00	fixed_type	index	gpt2	1651549	1812636	1.73
2026-05-11T09:54:01+02:00	fixed_type	index	gpt2	1651549	1833612	1.75
2026-05-11T09:54:11+02:00	fixed_type	index	gpt2	1651549	1812612	1.73
2026-05-11T09:54:21+02:00	fixed_type	index	gpt2	1651549	1835964	1.75
2026-05-11T09:54:31+02:00	fixed_type	index	gpt2	1651549	1803612	1.72
2026-05-11T09:54:41+02:00	fixed_type	index	gpt2	1651549	1793244	1.71
2026-05-11T09:54:51+02:00	fixed_type	index	gpt2	1651549	1812564	1.73
2026-05-11T09:55:01+02:00	fixed_type	index	gpt2	1651549	1812684	1.73
2026-05-11T09:55:11+02:00	fixed_type	index	gpt2	1651549	1812276	1.73
2026-05-11T09:55:21+02:00	fixed_type	index	gpt2	1651549	1825860	1.74
2026-05-11T09:55:31+02:00	fixed_type	index	gpt2	1651549	1836012	1.75
2026-05-11T09:55:41+02:00	fixed_type	index	gpt2	1651549	1812420	1.73
2026-05-11T09:55:51+02:00	fixed_type	index	gpt2	1651549	1812276	1.73
2026-05-11T09:56:01+02:00	fixed_type	index	gpt2	1651549	1812660	1.73
2026-05-11T09:56:11+02:00	fixed_type	index	gpt2	1651549	1836012	1.75
2026-05-11T09:56:21+02:00	fixed_type	index	gpt2	1651549	1812420	1.73
2026-05-11T09:56:31+02:00	fixed_type	index	gpt2	1651549	1836036	1.75
2026-05-11T09:56:41+02:00	fixed_type	index	gpt2	1651549	1838220	1.75
2026-05-11T09:56:51+02:00	fixed_type	index	gpt2	1651549	1812516	1.73
2026-05-11T09:57:01+02:00	fixed_type	index	gpt2	1651549	1838244	1.75
2026-05-11T09:57:11+02:00	fixed_type	index	gpt2	1651549	1812276	1.73
2026-05-11T09:57:21+02:00	fixed_type	index	gpt2	1651549	1807908	1.72
2026-05-11T09:57:31+02:00	fixed_type	index	gpt2	1651549	1824876	1.74
2026-05-11T09:57:41+02:00	fixed_type	index	gpt2	1651549	1812372	1.73
2026-05-11T09:57:51+02:00	fixed_type	index	gpt2	1651549	1801276	1.72
2026-05-11T09:58:01+02:00	fixed_type	index	gpt2	1651549	1806276	1.72
2026-05-11T09:58:11+02:00	fixed_type	index	gpt2	1651549	1793268	1.71
2026-05-11T09:58:21+02:00	fixed_type	index	gpt2	1651549	1820172	1.74
2026-05-11T09:58:31+02:00	fixed_type	index	gpt2	1651549	1820172	1.74
2026-05-11T09:58:41+02:00	fixed_type	index	gpt2	1651549	1820172	1.74
2026-05-11T09:58:51+02:00	fixed_type	index	gpt2	1651549	1820172	1.74
2026-05-11T09:59:01+02:00	fixed_type	index	gpt2	1651549	1820172	1.74
2026-05-11T09:59:11+02:00	fixed_type	index	gpt2	1651549	1820172	1.74
2026-05-11T09:59:21+02:00	fixed_type	index	gpt2	1651549	1820172	1.74
2026-05-11T09:59:31+02:00	fixed_type	index	gpt2	1651549	1820172	1.74
2026-05-11T09:59:41+02:00	fixed_type	index	gpt2	1651549	1820172	1.74
2026-05-11T09:59:51+02:00	fixed_type	index	gpt2	1651549	1820172	1.74
2026-05-11T10:00:01+02:00	fixed_type	index	gpt2	1651549	1820172	1.74
2026-05-11T10:00:11+02:00	fixed_type	index	gpt2	1651549	1820172	1.74
2026-05-11T10:00:21+02:00	fixed_type	index	gpt2	1651549	1820172	1.74
2026-05-11T10:00:31+02:00	fixed_type	index	gpt2	1651549	1820172	1.74
2026-05-11T10:00:41+02:00	fixed_type	index	gpt2	1651549	1820172	1.74
2026-05-11T10:00:51+02:00	fixed_type	index	gpt2	1651549	1820172	1.74
2026-05-11T10:01:01+02:00	fixed_type	index	gpt2	1651549	1821724	1.74
2026-05-11T10:01:11+02:00	fixed_type	index	gpt2	1651549	1821724	1.74
2026-05-11T10:01:21+02:00	fixed_type	index	gpt2	1651549	1821724	1.74
2026-05-11T10:01:31+02:00	fixed_type	index	gpt2	1651549	1821724	1.74
2026-05-11T10:01:41+02:00	fixed_type	index	gpt2	1651549	1821724	1.74
2026-05-11T10:01:51+02:00	fixed_type	index	gpt2	1651549	1821724	1.74
2026-05-11T10:02:01+02:00	fixed_type	index	gpt2	1651549	1821724	1.74
2026-05-11T10:02:11+02:00	fixed_type	index	gpt2	1651549	1821724	1.74
2026-05-11T10:02:21+02:00	fixed_type	index	gpt2	1651549	1821724	1.74
2026-05-11T10:02:31+02:00	fixed_type	index	gpt2	1651549	1821724	1.74
2026-05-11T10:02:41+02:00	fixed_type	index	gpt2	1651549	1821724	1.74
2026-05-11T10:02:51+02:00	fixed_type	index	gpt2	1651549	1821724	1.74
2026-05-11T10:03:01+02:00	fixed_type	arity	bert	1652341	4428	0.00
2026-05-11T10:03:11+02:00	fixed_type	arity	bert	1652341	948832	0.90
2026-05-11T10:03:21+02:00	fixed_type	arity	bert	1652341	950944	0.91
2026-05-11T10:03:31+02:00	fixed_type	arity	bert	1652341	970572	0.93
2026-05-11T10:03:41+02:00	fixed_type	arity	bert	1652341	973424	0.93
2026-05-11T10:03:51+02:00	fixed_type	arity	bert	1652341	1667004	1.59
2026-05-11T10:04:01+02:00	fixed_type	arity	bert	1652341	1816428	1.73
2026-05-11T10:04:11+02:00	fixed_type	arity	bert	1652341	1884276	1.80
2026-05-11T10:04:21+02:00	fixed_type	arity	bert	1652341	1913052	1.82
2026-05-11T10:04:31+02:00	fixed_type	arity	bert	1652341	1921764	1.83
2026-05-11T10:04:41+02:00	fixed_type	arity	bert	1652341	1923612	1.83
2026-05-11T10:04:51+02:00	fixed_type	arity	bert	1652341	2009264	1.92
2026-05-11T10:05:01+02:00	fixed_type	arity	bert	1652341	2001316	1.91
2026-05-11T10:05:11+02:00	fixed_type	arity	bert	1652341	2014240	1.92
2026-05-11T10:05:21+02:00	fixed_type	arity	bert	1652341	2009472	1.92
2026-05-11T10:05:31+02:00	fixed_type	arity	bert	1652341	2014204	1.92
2026-05-11T10:05:41+02:00	fixed_type	arity	bert	1652341	1968584	1.88
2026-05-11T10:05:51+02:00	fixed_type	arity	bert	1652341	2009396	1.92
2026-05-11T10:06:01+02:00	fixed_type	arity	bert	1652341	2009920	1.92
2026-05-11T10:06:11+02:00	fixed_type	arity	bert	1652341	2026780	1.93
2026-05-11T10:06:21+02:00	fixed_type	arity	bert	1652341	2009396	1.92
2026-05-11T10:06:31+02:00	fixed_type	arity	bert	1652341	2013868	1.92
2026-05-11T10:06:41+02:00	fixed_type	arity	bert	1652341	2026256	1.93
2026-05-11T10:06:51+02:00	fixed_type	arity	bert	1652341	2009344	1.92
2026-05-11T10:07:01+02:00	fixed_type	arity	bert	1652341	2057628	1.96
2026-05-11T10:07:11+02:00	fixed_type	arity	bert	1652341	2084728	1.99
2026-05-11T10:07:21+02:00	fixed_type	arity	bert	1652341	2057828	1.96
2026-05-11T10:07:31+02:00	fixed_type	arity	bert	1652341	2014020	1.92
2026-05-11T10:07:41+02:00	fixed_type	arity	bert	1652341	2009508	1.92
2026-05-11T10:07:51+02:00	fixed_type	arity	bert	1652341	2037956	1.94
2026-05-11T10:08:01+02:00	fixed_type	arity	bert	1652341	2057444	1.96
2026-05-11T10:08:11+02:00	fixed_type	arity	bert	1652341	2013872	1.92
2026-05-11T10:08:21+02:00	fixed_type	arity	bert	1652341	2009364	1.92
2026-05-11T10:08:31+02:00	fixed_type	arity	bert	1652341	2009332	1.92
2026-05-11T10:08:41+02:00	fixed_type	arity	bert	1652341	2013792	1.92
2026-05-11T10:08:51+02:00	fixed_type	arity	bert	1652341	2009556	1.92
2026-05-11T10:09:01+02:00	fixed_type	arity	bert	1652341	2027024	1.93
2026-05-11T10:09:11+02:00	fixed_type	arity	bert	1652341	2035420	1.94
2026-05-11T10:09:21+02:00	fixed_type	arity	bert	1652341	1968704	1.88
2026-05-11T10:09:31+02:00	fixed_type	arity	bert	1652341	2071120	1.98
2026-05-11T10:09:41+02:00	fixed_type	arity	bert	1652341	2009492	1.92
2026-05-11T10:09:51+02:00	fixed_type	arity	bert	1652341	2057752	1.96
2026-05-11T10:10:01+02:00	fixed_type	arity	bert	1652341	2013912	1.92
2026-05-11T10:10:11+02:00	fixed_type	arity	bert	1652341	2014156	1.92
2026-05-11T10:10:21+02:00	fixed_type	arity	bert	1652341	2057408	1.96
2026-05-11T10:10:31+02:00	fixed_type	arity	bert	1652341	2035204	1.94
2026-05-11T10:10:41+02:00	fixed_type	arity	bert	1652341	2009336	1.92
2026-05-11T10:10:51+02:00	fixed_type	arity	bert	1652341	2057872	1.96
2026-05-11T10:11:01+02:00	fixed_type	arity	bert	1652341	2013804	1.92
2026-05-11T10:11:11+02:00	fixed_type	arity	bert	1652341	2009552	1.92
2026-05-11T10:11:21+02:00	fixed_type	arity	bert	1652341	2058088	1.96
2026-05-11T10:11:31+02:00	fixed_type	arity	bert	1652341	2014012	1.92
2026-05-11T10:11:41+02:00	fixed_type	arity	bert	1652341	2013984	1.92
2026-05-11T10:11:51+02:00	fixed_type	arity	bert	1652341	2057772	1.96
2026-05-11T10:12:01+02:00	fixed_type	arity	bert	1652341	2057736	1.96
2026-05-11T10:12:11+02:00	fixed_type	arity	bert	1652341	2013856	1.92
2026-05-11T10:12:21+02:00	fixed_type	arity	bert	1652341	2026240	1.93
2026-05-11T10:12:31+02:00	fixed_type	arity	bert	1652341	2014080	1.92
2026-05-11T10:12:41+02:00	fixed_type	arity	bert	1652341	2038064	1.94
2026-05-11T10:12:51+02:00	fixed_type	arity	bert	1652341	1985804	1.89
2026-05-11T10:13:01+02:00	fixed_type	arity	bert	1652341	1987120	1.90
2026-05-11T10:13:11+02:00	fixed_type	arity	bert	1652341	1989168	1.90
2026-05-11T10:13:21+02:00	fixed_type	arity	bert	1652341	1985804	1.89
2026-05-11T10:13:31+02:00	fixed_type	arity	bert	1652341	1985804	1.89
2026-05-11T10:13:41+02:00	fixed_type	arity	bert	1652341	1983756	1.89
2026-05-11T10:13:51+02:00	fixed_type	arity	bert	1652341	1992000	1.90
2026-05-11T10:14:01+02:00	fixed_type	arity	bert	1652341	1954352	1.86
2026-05-11T10:14:11+02:00	fixed_type	arity	bert	1652341	1987120	1.90
2026-05-11T10:14:21+02:00	fixed_type	arity	bert	1652341	1954352	1.86
2026-05-11T10:14:31+02:00	fixed_type	arity	bert	1652341	1987120	1.90
2026-05-11T10:14:41+02:00	fixed_type	arity	bert	1652341	1930664	1.84
2026-05-11T10:14:51+02:00	fixed_type	arity	bert	1652341	1991472	1.90
2026-05-11T10:15:01+02:00	fixed_type	arity	bert	1652341	1967344	1.88
2026-05-11T10:15:11+02:00	fixed_type	arity	bert	1652341	1967344	1.88
2026-05-11T10:15:21+02:00	fixed_type	arity	bert	1652341	1967344	1.88
2026-05-11T10:15:31+02:00	fixed_type	arity	bert	1652341	1967344	1.88
2026-05-11T10:15:41+02:00	fixed_type	arity	bert	1652341	1967344	1.88
2026-05-11T10:15:51+02:00	fixed_type	arity	bert	1652341	1967344	1.88
2026-05-11T10:16:01+02:00	fixed_type	arity	bert	1652341	1967344	1.88
2026-05-11T10:16:11+02:00	fixed_type	arity	bert	1652341	1967344	1.88
2026-05-11T10:16:21+02:00	fixed_type	arity	bert	1652341	1967344	1.88
2026-05-11T10:16:31+02:00	fixed_type	arity	bert	1652341	1967344	1.88
2026-05-11T10:16:41+02:00	fixed_type	arity	bert	1652341	1967344	1.88
2026-05-11T10:16:51+02:00	fixed_type	arity	bert	1652341	1967344	1.88
2026-05-11T10:17:01+02:00	fixed_type	arity	gpt2	1653330	4496	0.00
2026-05-11T10:17:11+02:00	fixed_type	arity	gpt2	1653330	951928	0.91
2026-05-11T10:17:21+02:00	fixed_type	arity	gpt2	1653330	953512	0.91
2026-05-11T10:17:31+02:00	fixed_type	arity	gpt2	1653330	974164	0.93
2026-05-11T10:17:41+02:00	fixed_type	arity	gpt2	1653330	976204	0.93
2026-05-11T10:17:51+02:00	fixed_type	arity	gpt2	1653330	1647960	1.57
2026-05-11T10:18:01+02:00	fixed_type	arity	gpt2	1653330	1800816	1.72
2026-05-11T10:18:11+02:00	fixed_type	arity	gpt2	1653330	1884504	1.80
2026-05-11T10:18:21+02:00	fixed_type	arity	gpt2	1653330	1921464	1.83
2026-05-11T10:18:31+02:00	fixed_type	arity	gpt2	1653330	1936776	1.85
2026-05-11T10:18:41+02:00	fixed_type	arity	gpt2	1653330	1942056	1.85
2026-05-11T10:18:51+02:00	fixed_type	arity	gpt2	1653330	1943112	1.85
2026-05-11T10:19:01+02:00	fixed_type	arity	gpt2	1653330	2010600	1.92
2026-05-11T10:19:11+02:00	fixed_type	arity	gpt2	1653330	2010608	1.92
2026-05-11T10:19:21+02:00	fixed_type	arity	gpt2	1653330	2023260	1.93
2026-05-11T10:19:31+02:00	fixed_type	arity	gpt2	1653330	2051832	1.96
2026-05-11T10:19:41+02:00	fixed_type	arity	gpt2	1653330	1982436	1.89
2026-05-11T10:19:51+02:00	fixed_type	arity	gpt2	1653330	2027936	1.93
2026-05-11T10:20:01+02:00	fixed_type	arity	gpt2	1653330	2042920	1.95
2026-05-11T10:20:11+02:00	fixed_type	arity	gpt2	1653330	2005580	1.91
2026-05-11T10:20:21+02:00	fixed_type	arity	gpt2	1653330	2051748	1.96
2026-05-11T10:20:31+02:00	fixed_type	arity	gpt2	1653330	2051700	1.96
2026-05-11T10:20:41+02:00	fixed_type	arity	gpt2	1653330	2023544	1.93
2026-05-11T10:20:51+02:00	fixed_type	arity	gpt2	1653330	2071356	1.98
2026-05-11T10:21:01+02:00	fixed_type	arity	gpt2	1653330	2027908	1.93
2026-05-11T10:21:11+02:00	fixed_type	arity	gpt2	1653330	2071524	1.98
2026-05-11T10:21:21+02:00	fixed_type	arity	gpt2	1653330	2027856	1.93
2026-05-11T10:21:31+02:00	fixed_type	arity	gpt2	1653330	2098748	2.00
2026-05-11T10:21:41+02:00	fixed_type	arity	gpt2	1653330	2027812	1.93
2026-05-11T10:21:51+02:00	fixed_type	arity	gpt2	1653330	2023348	1.93
2026-05-11T10:22:01+02:00	fixed_type	arity	gpt2	1653330	2051924	1.96
2026-05-11T10:22:11+02:00	fixed_type	arity	gpt2	1653330	2023508	1.93
2026-05-11T10:22:21+02:00	fixed_type	arity	gpt2	1653330	2051816	1.96
2026-05-11T10:22:31+02:00	fixed_type	arity	gpt2	1653330	1982560	1.89
2026-05-11T10:22:41+02:00	fixed_type	arity	gpt2	1653330	2028192	1.93
2026-05-11T10:22:51+02:00	fixed_type	arity	gpt2	1653330	2023496	1.93
2026-05-11T10:23:01+02:00	fixed_type	arity	gpt2	1653330	2071348	1.98
2026-05-11T10:23:11+02:00	fixed_type	arity	gpt2	1653330	2027856	1.93
2026-05-11T10:23:21+02:00	fixed_type	arity	gpt2	1653330	2071572	1.98
2026-05-11T10:23:31+02:00	fixed_type	arity	gpt2	1653330	2051956	1.96
2026-05-11T10:23:41+02:00	fixed_type	arity	gpt2	1653330	2071420	1.98
2026-05-11T10:23:51+02:00	fixed_type	arity	gpt2	1653330	2051904	1.96
2026-05-11T10:24:01+02:00	fixed_type	arity	gpt2	1653330	2071856	1.98
2026-05-11T10:24:11+02:00	fixed_type	arity	gpt2	1653330	2028144	1.93
2026-05-11T10:24:21+02:00	fixed_type	arity	gpt2	1653330	2027876	1.93
2026-05-11T10:24:31+02:00	fixed_type	arity	gpt2	1653330	2071848	1.98
2026-05-11T10:24:41+02:00	fixed_type	arity	gpt2	1653330	2023480	1.93
2026-05-11T10:24:51+02:00	fixed_type	arity	gpt2	1653330	2098584	2.00
2026-05-11T10:25:01+02:00	fixed_type	arity	gpt2	1653330	2028108	1.93
2026-05-11T10:25:11+02:00	fixed_type	arity	gpt2	1653330	2027908	1.93
2026-05-11T10:25:21+02:00	fixed_type	arity	gpt2	1653330	2028012	1.93
2026-05-11T10:25:31+02:00	fixed_type	arity	gpt2	1653330	2027932	1.93
2026-05-11T10:25:41+02:00	fixed_type	arity	gpt2	1653330	2000092	1.91
2026-05-11T10:25:51+02:00	fixed_type	arity	gpt2	1653330	2027896	1.93
2026-05-11T10:26:01+02:00	fixed_type	arity	gpt2	1653330	2023452	1.93
2026-05-11T10:26:11+02:00	fixed_type	arity	gpt2	1653330	2023396	1.93
2026-05-11T10:26:21+02:00	fixed_type	arity	gpt2	1653330	2051912	1.96
2026-05-11T10:26:31+02:00	fixed_type	arity	gpt2	1653330	2023384	1.93
2026-05-11T10:26:41+02:00	fixed_type	arity	gpt2	1653330	2023192	1.93
2026-05-11T10:26:51+02:00	fixed_type	arity	gpt2	1653330	2040164	1.95
2026-05-11T10:27:01+02:00	fixed_type	arity	gpt2	1653330	1982392	1.89
2026-05-11T10:27:11+02:00	fixed_type	arity	gpt2	1653330	2051704	1.96
2026-05-11T10:27:21+02:00	fixed_type	arity	gpt2	1653330	2023164	1.93
2026-05-11T10:27:31+02:00	fixed_type	arity	gpt2	1653330	2023156	1.93
2026-05-11T10:27:41+02:00	fixed_type	arity	gpt2	1653330	2023264	1.93
2026-05-11T10:27:51+02:00	fixed_type	arity	gpt2	1653330	2027688	1.93
2026-05-11T10:28:01+02:00	fixed_type	arity	gpt2	1653330	2071268	1.98
2026-05-11T10:28:11+02:00	fixed_type	arity	gpt2	1653330	1957860	1.87
2026-05-11T10:28:21+02:00	fixed_type	arity	gpt2	1653330	2005800	1.91
2026-05-11T10:28:31+02:00	fixed_type	arity	gpt2	1653330	2005536	1.91
2026-05-11T10:28:41+02:00	fixed_type	arity	gpt2	1653330	1979552	1.89
2026-05-11T10:28:51+02:00	fixed_type	arity	gpt2	1653330	2005800	1.91
2026-05-11T10:29:01+02:00	fixed_type	arity	gpt2	1653330	2000920	1.91
2026-05-11T10:29:11+02:00	fixed_type	arity	gpt2	1653330	2005800	1.91
2026-05-11T10:29:21+02:00	fixed_type	arity	gpt2	1653330	2005800	1.91
2026-05-11T10:29:31+02:00	fixed_type	arity	gpt2	1653330	2000920	1.91
2026-05-11T10:29:41+02:00	fixed_type	arity	gpt2	1653330	2000920	1.91
2026-05-11T10:29:51+02:00	fixed_type	arity	gpt2	1653330	2005800	1.91
2026-05-11T10:30:01+02:00	fixed_type	arity	gpt2	1653330	1968152	1.88
2026-05-11T10:30:11+02:00	fixed_type	arity	gpt2	1653330	1966104	1.88
2026-05-11T10:30:21+02:00	fixed_type	arity	gpt2	1653330	1997556	1.91
2026-05-11T10:30:31+02:00	fixed_type	arity	gpt2	1653330	2000920	1.91
2026-05-11T10:30:41+02:00	fixed_type	arity	gpt2	1653330	1981092	1.89
2026-05-11T10:30:51+02:00	fixed_type	arity	gpt2	1653330	1981092	1.89
2026-05-11T10:31:01+02:00	fixed_type	arity	gpt2	1653330	1981092	1.89
2026-05-11T10:31:12+02:00	fixed_type	arity	gpt2	1653330	1981092	1.89
2026-05-11T10:31:22+02:00	fixed_type	arity	gpt2	1653330	1981092	1.89
2026-05-11T10:31:32+02:00	fixed_type	arity	gpt2	1653330	1981092	1.89
2026-05-11T10:31:42+02:00	fixed_type	arity	gpt2	1653330	1981092	1.89
2026-05-11T10:31:52+02:00	fixed_type	arity	gpt2	1653330	1980952	1.89
2026-05-11T10:32:02+02:00	fixed_type	arity	gpt2	1653330	1980952	1.89
2026-05-11T10:32:12+02:00	fixed_type	arity	gpt2	1653330	1980952	1.89
2026-05-11T10:32:22+02:00	fixed_type	arity	gpt2	1653330	1980952	1.89
2026-05-11T10:32:32+02:00	fixed_type	arity	gpt2	1653330	1980952	1.89
2026-05-11T10:32:42+02:00	fixed_type	arity	gpt2	1653330	1980952	1.89
2026-05-11T10:32:52+02:00	fixed_type	arity	gpt2	1653330	1980952	1.89
2026-05-11T10:33:02+02:00	fixed_type	arity	gpt2	1653330	1520676	1.45
2026-05-11T10:33:12+02:00	fixed_type	head_dist	bert	1800475	4520	0.00
2026-05-11T10:33:22+02:00	fixed_type	head_dist	bert	1800475	941388	0.90
2026-05-11T10:33:32+02:00	fixed_type	head_dist	bert	1800475	941388	0.90
2026-05-11T10:33:42+02:00	fixed_type	head_dist	bert	1800475	1511116	1.44
2026-05-11T10:33:52+02:00	fixed_type	head_dist	bert	1800475	1616188	1.54
2026-05-11T10:34:02+02:00	fixed_type	head_dist	bert	1800475	1660012	1.58
2026-05-11T10:34:12+02:00	fixed_type	head_dist	bert	1800475	1692220	1.61
2026-05-11T10:34:22+02:00	fixed_type	head_dist	bert	1800475	1704100	1.63
2026-05-11T10:34:32+02:00	fixed_type	head_dist	bert	1800475	1712268	1.63
2026-05-11T10:34:42+02:00	fixed_type	head_dist	bert	1800475	1714344	1.63
2026-05-11T10:34:52+02:00	fixed_type	head_dist	bert	1800475	1748756	1.67
2026-05-11T10:35:02+02:00	fixed_type	head_dist	bert	1800475	1726304	1.65
2026-05-11T10:35:12+02:00	fixed_type	head_dist	bert	1800475	1748744	1.67
2026-05-11T10:35:22+02:00	fixed_type	head_dist	bert	1800475	1749008	1.67
2026-05-11T10:35:32+02:00	fixed_type	head_dist	bert	1800475	1748744	1.67
2026-05-11T10:35:42+02:00	fixed_type	head_dist	bert	1800475	1726432	1.65
2026-05-11T10:35:52+02:00	fixed_type	head_dist	bert	1800475	1726432	1.65
2026-05-11T10:36:02+02:00	fixed_type	head_dist	bert	1800475	1726432	1.65
2026-05-11T10:36:12+02:00	fixed_type	head_dist	bert	1800475	1726432	1.65
2026-05-11T10:36:22+02:00	fixed_type	head_dist	bert	1800475	1726432	1.65
2026-05-11T10:36:32+02:00	fixed_type	head_dist	bert	1800475	1726432	1.65
2026-05-11T10:36:42+02:00	fixed_type	head_dist	bert	1800475	1726168	1.65
2026-05-11T10:36:52+02:00	fixed_type	head_dist	bert	1800475	1715684	1.64
2026-05-11T10:37:02+02:00	fixed_type	head_dist	bert	1800475	1726436	1.65
2026-05-11T10:37:12+02:00	fixed_type	head_dist	bert	1800475	1715684	1.64
2026-05-11T10:37:22+02:00	fixed_type	head_dist	bert	1800475	1726436	1.65
2026-05-11T10:37:32+02:00	fixed_type	head_dist	bert	1800475	1729340	1.65
2026-05-11T10:37:42+02:00	fixed_type	head_dist	bert	1800475	1726436	1.65
2026-05-11T10:37:52+02:00	fixed_type	head_dist	bert	1800475	1754028	1.67
2026-05-11T10:38:02+02:00	fixed_type	head_dist	bert	1800475	1726436	1.65
2026-05-11T10:38:12+02:00	fixed_type	head_dist	bert	1800475	1749668	1.67
2026-05-11T10:38:22+02:00	fixed_type	head_dist	bert	1800475	1726436	1.65
2026-05-11T10:38:32+02:00	fixed_type	head_dist	bert	1800475	1748348	1.67
2026-05-11T10:38:42+02:00	fixed_type	head_dist	bert	1800475	1748876	1.67
2026-05-11T10:38:52+02:00	fixed_type	head_dist	bert	1800475	1748876	1.67
2026-05-11T10:39:02+02:00	fixed_type	head_dist	bert	1800475	1749668	1.67
2026-05-11T10:39:12+02:00	fixed_type	head_dist	bert	1800475	1748612	1.67
2026-05-11T10:39:22+02:00	fixed_type	head_dist	bert	1800475	1726436	1.65
2026-05-11T10:39:32+02:00	fixed_type	head_dist	bert	1800475	1726436	1.65
2026-05-11T10:39:42+02:00	fixed_type	head_dist	bert	1800475	1726436	1.65
2026-05-11T10:39:52+02:00	fixed_type	head_dist	bert	1800475	1740428	1.66
2026-05-11T10:40:02+02:00	fixed_type	head_dist	bert	1800475	1726436	1.65
2026-05-11T10:40:12+02:00	fixed_type	head_dist	bert	1800475	1738316	1.66
2026-05-11T10:40:22+02:00	fixed_type	head_dist	bert	1800475	1726436	1.65
2026-05-11T10:40:32+02:00	fixed_type	head_dist	bert	1800475	1715684	1.64
2026-05-11T10:40:42+02:00	fixed_type	head_dist	bert	1800475	1726436	1.65
2026-05-11T10:40:52+02:00	fixed_type	head_dist	bert	1800475	1726436	1.65
2026-05-11T10:41:02+02:00	fixed_type	head_dist	bert	1800475	1726436	1.65
2026-05-11T10:41:12+02:00	fixed_type	head_dist	bert	1800475	1738052	1.66
2026-05-11T10:41:22+02:00	fixed_type	head_dist	bert	1800475	1748612	1.67
2026-05-11T10:41:32+02:00	fixed_type	head_dist	bert	1800475	1726436	1.65
2026-05-11T10:41:42+02:00	fixed_type	head_dist	bert	1800475	1726172	1.65
2026-05-11T10:41:52+02:00	fixed_type	head_dist	bert	1800475	1745180	1.66
2026-05-11T10:42:02+02:00	fixed_type	head_dist	bert	1800475	1726440	1.65
2026-05-11T10:42:12+02:00	fixed_type	head_dist	bert	1800475	1738056	1.66
2026-05-11T10:42:22+02:00	fixed_type	head_dist	bert	1800475	1748880	1.67
2026-05-11T10:42:32+02:00	fixed_type	head_dist	bert	1800475	1748880	1.67
2026-05-11T10:42:42+02:00	fixed_type	head_dist	bert	1800475	1726440	1.65
2026-05-11T10:42:52+02:00	fixed_type	head_dist	bert	1800475	1731720	1.65
2026-05-11T10:43:02+02:00	fixed_type	head_dist	bert	1800475	1738056	1.66
2026-05-11T10:43:12+02:00	fixed_type	head_dist	bert	1800475	1731152	1.65
2026-05-11T10:43:22+02:00	fixed_type	head_dist	bert	1800475	1731652	1.65
2026-05-11T10:43:32+02:00	fixed_type	head_dist	bert	1800475	1731652	1.65
2026-05-11T10:43:42+02:00	fixed_type	head_dist	bert	1800475	1731652	1.65
2026-05-11T10:43:52+02:00	fixed_type	head_dist	bert	1800475	1731652	1.65
2026-05-11T10:44:02+02:00	fixed_type	head_dist	bert	1800475	1731652	1.65
2026-05-11T10:44:12+02:00	fixed_type	head_dist	bert	1800475	1731652	1.65
2026-05-11T10:44:22+02:00	fixed_type	head_dist	bert	1800475	1731652	1.65
2026-05-11T10:44:32+02:00	fixed_type	head_dist	bert	1800475	1731652	1.65
2026-05-11T10:44:42+02:00	fixed_type	head_dist	bert	1800475	1731652	1.65
2026-05-11T10:44:52+02:00	fixed_type	head_dist	bert	1800475	1731652	1.65
2026-05-11T10:45:02+02:00	fixed_type	head_dist	bert	1800475	1731652	1.65
2026-05-11T10:45:12+02:00	fixed_type	head_dist	bert	1800475	1731652	1.65
2026-05-11T10:45:22+02:00	fixed_type	head_dist	bert	1800475	1731652	1.65
2026-05-11T10:45:32+02:00	fixed_type	head_dist	bert	1800475	1731652	1.65
2026-05-11T10:45:42+02:00	fixed_type	head_dist	bert	1800475	1732928	1.65
2026-05-11T10:45:52+02:00	fixed_type	head_dist	bert	1800475	1732928	1.65
2026-05-11T10:46:02+02:00	fixed_type	head_dist	bert	1800475	1732928	1.65
2026-05-11T10:46:12+02:00	fixed_type	head_dist	bert	1800475	1732928	1.65
2026-05-11T10:46:22+02:00	fixed_type	head_dist	bert	1800475	1732928	1.65
2026-05-11T10:46:32+02:00	fixed_type	head_dist	bert	1800475	1732928	1.65
2026-05-11T10:46:42+02:00	fixed_type	head_dist	bert	1800475	1732928	1.65
2026-05-11T10:46:52+02:00	fixed_type	head_dist	bert	1800475	1732928	1.65
2026-05-11T10:47:02+02:00	fixed_type	head_dist	bert	1800475	1732928	1.65
2026-05-11T10:47:12+02:00	fixed_type	head_dist	gpt2	1976426	4428	0.00
2026-05-11T10:47:22+02:00	fixed_type	head_dist	gpt2	1976426	765080	0.73
2026-05-11T10:47:32+02:00	fixed_type	head_dist	gpt2	1976426	943600	0.90
2026-05-11T10:47:42+02:00	fixed_type	head_dist	gpt2	1976426	1489220	1.42
2026-05-11T10:47:52+02:00	fixed_type	head_dist	gpt2	1976426	1617524	1.54
2026-05-11T10:48:02+02:00	fixed_type	head_dist	gpt2	1976426	1679036	1.60
2026-05-11T10:48:12+02:00	fixed_type	head_dist	gpt2	1976426	1705700	1.63
2026-05-11T10:48:22+02:00	fixed_type	head_dist	gpt2	1976426	1717052	1.64
2026-05-11T10:48:32+02:00	fixed_type	head_dist	gpt2	1976426	1720484	1.64
2026-05-11T10:48:42+02:00	fixed_type	head_dist	gpt2	1976426	1734856	1.65
2026-05-11T10:48:52+02:00	fixed_type	head_dist	gpt2	1976426	1734884	1.65
2026-05-11T10:49:02+02:00	fixed_type	head_dist	gpt2	1976426	1757068	1.68
2026-05-11T10:49:12+02:00	fixed_type	head_dist	gpt2	1976426	1734892	1.65
2026-05-11T10:49:22+02:00	fixed_type	head_dist	gpt2	1976426	1734892	1.65
2026-05-11T10:49:32+02:00	fixed_type	head_dist	gpt2	1976426	1757396	1.68
2026-05-11T10:49:42+02:00	fixed_type	head_dist	gpt2	1976426	1758188	1.68
2026-05-11T10:49:52+02:00	fixed_type	head_dist	gpt2	1976426	1757132	1.68
2026-05-11T10:50:02+02:00	fixed_type	head_dist	gpt2	1976426	1734956	1.65
2026-05-11T10:50:12+02:00	fixed_type	head_dist	gpt2	1976426	1757132	1.68
2026-05-11T10:50:22+02:00	fixed_type	head_dist	gpt2	1976426	1734956	1.65
2026-05-11T10:50:32+02:00	fixed_type	head_dist	gpt2	1976426	1734960	1.65
2026-05-11T10:50:42+02:00	fixed_type	head_dist	gpt2	1976426	1734960	1.65
2026-05-11T10:50:52+02:00	fixed_type	head_dist	gpt2	1976426	1756872	1.68
2026-05-11T10:51:02+02:00	fixed_type	head_dist	gpt2	1976426	1734960	1.65
2026-05-11T10:51:12+02:00	fixed_type	head_dist	gpt2	1976426	1734960	1.65
2026-05-11T10:51:22+02:00	fixed_type	head_dist	gpt2	1976426	1734960	1.65
2026-05-11T10:51:32+02:00	fixed_type	head_dist	gpt2	1976426	1734960	1.65
2026-05-11T10:51:42+02:00	fixed_type	head_dist	gpt2	1976426	1734960	1.65
2026-05-11T10:51:52+02:00	fixed_type	head_dist	gpt2	1976426	1733376	1.65
2026-05-11T10:52:02+02:00	fixed_type	head_dist	gpt2	1976426	1746576	1.67
2026-05-11T10:52:12+02:00	fixed_type	head_dist	gpt2	1976426	1734960	1.65
2026-05-11T10:52:22+02:00	fixed_type	head_dist	gpt2	1976426	1756608	1.68
2026-05-11T10:52:32+02:00	fixed_type	head_dist	gpt2	1976426	1726512	1.65
2026-05-11T10:52:42+02:00	fixed_type	head_dist	gpt2	1976426	1754760	1.67
2026-05-11T10:52:52+02:00	fixed_type	head_dist	gpt2	1976426	1754760	1.67
2026-05-11T10:53:02+02:00	fixed_type	head_dist	gpt2	1976426	1734960	1.65
2026-05-11T10:53:12+02:00	fixed_type	head_dist	gpt2	1976426	1734960	1.65
2026-05-11T10:53:22+02:00	fixed_type	head_dist	gpt2	1976426	1768744	1.69
2026-05-11T10:53:32+02:00	fixed_type	head_dist	gpt2	1976426	1734960	1.65
2026-05-11T10:53:42+02:00	fixed_type	head_dist	gpt2	1976426	1756872	1.68
2026-05-11T10:53:52+02:00	fixed_type	head_dist	gpt2	1976426	1734960	1.65
2026-05-11T10:54:02+02:00	fixed_type	head_dist	gpt2	1976426	1769272	1.69
2026-05-11T10:54:12+02:00	fixed_type	head_dist	gpt2	1976426	1734696	1.65
2026-05-11T10:54:22+02:00	fixed_type	head_dist	gpt2	1976426	1734696	1.65
2026-05-11T10:54:32+02:00	fixed_type	head_dist	gpt2	1976426	1748952	1.67
2026-05-11T10:54:42+02:00	fixed_type	head_dist	gpt2	1976426	1734960	1.65
2026-05-11T10:54:52+02:00	fixed_type	head_dist	gpt2	1976426	1759448	1.68
2026-05-11T10:55:02+02:00	fixed_type	head_dist	gpt2	1976426	1757136	1.68
2026-05-11T10:55:12+02:00	fixed_type	head_dist	gpt2	1976426	1734960	1.65
2026-05-11T10:55:22+02:00	fixed_type	head_dist	gpt2	1976426	1734960	1.65
2026-05-11T10:55:32+02:00	fixed_type	head_dist	gpt2	1976426	1734960	1.65
2026-05-11T10:55:42+02:00	fixed_type	head_dist	gpt2	1976426	1764060	1.68
2026-05-11T10:55:52+02:00	fixed_type	head_dist	gpt2	1976426	1734960	1.65
2026-05-11T10:56:02+02:00	fixed_type	head_dist	gpt2	1976426	1734960	1.65
2026-05-11T10:56:12+02:00	fixed_type	head_dist	gpt2	1976426	1757136	1.68
2026-05-11T10:56:22+02:00	fixed_type	head_dist	gpt2	1976426	1743408	1.66
2026-05-11T10:56:32+02:00	fixed_type	head_dist	gpt2	1976426	1744096	1.66
2026-05-11T10:56:42+02:00	fixed_type	head_dist	gpt2	1976426	1744580	1.66
2026-05-11T10:56:52+02:00	fixed_type	head_dist	gpt2	1976426	1744580	1.66
2026-05-11T10:57:02+02:00	fixed_type	head_dist	gpt2	1976426	1744580	1.66
2026-05-11T10:57:12+02:00	fixed_type	head_dist	gpt2	1976426	1744580	1.66
2026-05-11T10:57:22+02:00	fixed_type	head_dist	gpt2	1976426	1744580	1.66
2026-05-11T10:57:32+02:00	fixed_type	head_dist	gpt2	1976426	1744580	1.66
2026-05-11T10:57:42+02:00	fixed_type	head_dist	gpt2	1976426	1744580	1.66
2026-05-11T10:57:52+02:00	fixed_type	head_dist	gpt2	1976426	1744580	1.66
2026-05-11T10:58:02+02:00	fixed_type	head_dist	gpt2	1976426	1744580	1.66
2026-05-11T10:58:12+02:00	fixed_type	head_dist	gpt2	1976426	1744580	1.66
2026-05-11T10:58:22+02:00	fixed_type	head_dist	gpt2	1976426	1744580	1.66
2026-05-11T10:58:32+02:00	fixed_type	head_dist	gpt2	1976426	1744580	1.66
2026-05-11T10:58:42+02:00	fixed_type	head_dist	gpt2	1976426	1744580	1.66
2026-05-11T10:58:52+02:00	fixed_type	head_dist	gpt2	1976426	1744580	1.66
2026-05-11T10:59:02+02:00	fixed_type	head_dist	gpt2	1976426	1746060	1.67
2026-05-11T10:59:12+02:00	fixed_type	head_dist	gpt2	1976426	1746060	1.67
2026-05-11T10:59:22+02:00	fixed_type	head_dist	gpt2	1976426	1746060	1.67
2026-05-11T10:59:32+02:00	fixed_type	head_dist	gpt2	1976426	1746060	1.67
2026-05-11T10:59:42+02:00	fixed_type	head_dist	gpt2	1976426	1746060	1.67
2026-05-11T10:59:52+02:00	fixed_type	head_dist	gpt2	1976426	1746060	1.67
2026-05-11T11:00:02+02:00	fixed_type	head_dist	gpt2	1976426	1746060	1.67
2026-05-11T11:00:12+02:00	fixed_type	head_dist	gpt2	1976426	1746060	1.67
2026-05-11T11:00:22+02:00	fixed_type	head_dist	gpt2	1976426	1746060	1.67
2026-05-11T11:00:32+02:00	fixed_type	relation_type	bert	2145523	4480	0.00
2026-05-11T11:00:42+02:00	fixed_type	relation_type	bert	2145523	933496	0.89
2026-05-11T11:00:52+02:00	fixed_type	relation_type	bert	2145523	1510244	1.44
2026-05-11T11:01:02+02:00	fixed_type	relation_type	bert	2145523	1605548	1.53
2026-05-11T11:01:12+02:00	fixed_type	relation_type	bert	2145523	1654388	1.58
2026-05-11T11:01:22+02:00	fixed_type	relation_type	bert	2145523	1677356	1.60
2026-05-11T11:01:32+02:00	fixed_type	relation_type	bert	2145523	1686332	1.61
2026-05-11T11:01:42+02:00	fixed_type	relation_type	bert	2145523	1744580	1.66
2026-05-11T11:01:52+02:00	fixed_type	relation_type	bert	2145523	1745064	1.66
2026-05-11T11:02:02+02:00	fixed_type	relation_type	bert	2145523	1715864	1.64
2026-05-11T11:02:12+02:00	fixed_type	relation_type	bert	2145523	1715824	1.64
2026-05-11T11:02:22+02:00	fixed_type	relation_type	bert	2145523	1720608	1.64
2026-05-11T11:02:32+02:00	fixed_type	relation_type	bert	2145523	1715924	1.64
2026-05-11T11:02:42+02:00	fixed_type	relation_type	bert	2145523	1720736	1.64
2026-05-11T11:02:52+02:00	fixed_type	relation_type	bert	2145523	1748824	1.67
2026-05-11T11:03:02+02:00	fixed_type	relation_type	bert	2145523	1720760	1.64
2026-05-11T11:03:12+02:00	fixed_type	relation_type	bert	2145523	1722280	1.64
2026-05-11T11:03:22+02:00	fixed_type	relation_type	bert	2145523	1720728	1.64
2026-05-11T11:03:32+02:00	fixed_type	relation_type	bert	2145523	1760548	1.68
2026-05-11T11:03:42+02:00	fixed_type	relation_type	bert	2145523	1720804	1.64
2026-05-11T11:03:52+02:00	fixed_type	relation_type	bert	2145523	1720876	1.64
2026-05-11T11:04:02+02:00	fixed_type	relation_type	bert	2145523	1720700	1.64
2026-05-11T11:04:12+02:00	fixed_type	relation_type	bert	2145523	1758928	1.68
2026-05-11T11:04:22+02:00	fixed_type	relation_type	bert	2145523	1720724	1.64
2026-05-11T11:04:32+02:00	fixed_type	relation_type	bert	2145523	1715948	1.64
2026-05-11T11:04:42+02:00	fixed_type	relation_type	bert	2145523	1716024	1.64
2026-05-11T11:04:52+02:00	fixed_type	relation_type	bert	2145523	1764776	1.68
2026-05-11T11:05:02+02:00	fixed_type	relation_type	bert	2145523	1765680	1.68
2026-05-11T11:05:12+02:00	fixed_type	relation_type	bert	2145523	1716028	1.64
2026-05-11T11:05:22+02:00	fixed_type	relation_type	bert	2145523	1720780	1.64
2026-05-11T11:05:32+02:00	fixed_type	relation_type	bert	2145523	1720752	1.64
2026-05-11T11:05:42+02:00	fixed_type	relation_type	bert	2145523	1720708	1.64
2026-05-11T11:05:52+02:00	fixed_type	relation_type	bert	2145523	1720604	1.64
2026-05-11T11:06:02+02:00	fixed_type	relation_type	bert	2145523	1735712	1.66
2026-05-11T11:06:12+02:00	fixed_type	relation_type	bert	2145523	1728252	1.65
2026-05-11T11:06:22+02:00	fixed_type	relation_type	bert	2145523	1745056	1.66
2026-05-11T11:06:32+02:00	fixed_type	relation_type	bert	2145523	1748748	1.67
2026-05-11T11:06:42+02:00	fixed_type	relation_type	bert	2145523	1715744	1.64
2026-05-11T11:06:52+02:00	fixed_type	relation_type	bert	2145523	1720616	1.64
2026-05-11T11:07:02+02:00	fixed_type	relation_type	bert	2145523	1716024	1.64
2026-05-11T11:07:12+02:00	fixed_type	relation_type	bert	2145523	1720696	1.64
2026-05-11T11:07:22+02:00	fixed_type	relation_type	bert	2145523	1720572	1.64
2026-05-11T11:07:32+02:00	fixed_type	relation_type	bert	2145523	1720784	1.64
2026-05-11T11:07:42+02:00	fixed_type	relation_type	bert	2145523	1720732	1.64
2026-05-11T11:07:52+02:00	fixed_type	relation_type	bert	2145523	1728536	1.65
2026-05-11T11:08:02+02:00	fixed_type	relation_type	bert	2145523	1728536	1.65
2026-05-11T11:08:12+02:00	fixed_type	relation_type	bert	2145523	1728536	1.65
2026-05-11T11:08:22+02:00	fixed_type	relation_type	bert	2145523	1728536	1.65
2026-05-11T11:08:32+02:00	fixed_type	relation_type	bert	2145523	1728536	1.65
2026-05-11T11:08:42+02:00	fixed_type	relation_type	bert	2145523	1728536	1.65
2026-05-11T11:08:52+02:00	fixed_type	relation_type	bert	2145523	1728536	1.65
2026-05-11T11:09:02+02:00	fixed_type	relation_type	bert	2145523	1728536	1.65
2026-05-11T11:09:12+02:00	fixed_type	relation_type	bert	2145523	1728536	1.65
2026-05-11T11:09:22+02:00	fixed_type	relation_type	bert	2145523	1728536	1.65
2026-05-11T11:09:32+02:00	fixed_type	relation_type	bert	2145523	1728536	1.65
2026-05-11T11:09:42+02:00	fixed_type	relation_type	bert	2145523	1728536	1.65
2026-05-11T11:09:52+02:00	fixed_type	relation_type	bert	2145523	1729692	1.65
2026-05-11T11:10:03+02:00	fixed_type	relation_type	bert	2145523	1729692	1.65
2026-05-11T11:10:13+02:00	fixed_type	relation_type	bert	2145523	1729692	1.65
2026-05-11T11:10:23+02:00	fixed_type	relation_type	bert	2145523	1729692	1.65
2026-05-11T11:10:33+02:00	fixed_type	relation_type	bert	2145523	1729692	1.65
2026-05-11T11:10:43+02:00	fixed_type	relation_type	bert	2145523	1729692	1.65
2026-05-11T11:10:53+02:00	fixed_type	relation_type	bert	2145523	1729692	1.65
2026-05-11T11:11:03+02:00	fixed_type	relation_type	bert	2145523	1729692	1.65
2026-05-11T11:11:13+02:00	fixed_type	relation_type	bert	2145523	1729692	1.65
2026-05-11T11:11:23+02:00	fixed_type	relation_type	bert	2145523	1729692	1.65
2026-05-11T11:11:33+02:00	fixed_type	relation_type	gpt2	2281366	4436	0.00
2026-05-11T11:11:43+02:00	fixed_type	relation_type	gpt2	2281366	932976	0.89
2026-05-11T11:11:53+02:00	fixed_type	relation_type	gpt2	2281366	1498332	1.43
2026-05-11T11:12:03+02:00	fixed_type	relation_type	gpt2	2281366	1596540	1.52
2026-05-11T11:12:13+02:00	fixed_type	relation_type	gpt2	2281366	1650924	1.57
2026-05-11T11:12:23+02:00	fixed_type	relation_type	gpt2	2281366	1677852	1.60
2026-05-11T11:12:33+02:00	fixed_type	relation_type	gpt2	2281366	1690260	1.61
2026-05-11T11:12:43+02:00	fixed_type	relation_type	gpt2	2281366	1694484	1.62
2026-05-11T11:12:53+02:00	fixed_type	relation_type	gpt2	2281366	1729196	1.65
2026-05-11T11:13:03+02:00	fixed_type	relation_type	gpt2	2281366	1724520	1.64
2026-05-11T11:13:13+02:00	fixed_type	relation_type	gpt2	2281366	1755084	1.67
2026-05-11T11:13:23+02:00	fixed_type	relation_type	gpt2	2281366	1728964	1.65
2026-05-11T11:13:33+02:00	fixed_type	relation_type	gpt2	2281366	1756896	1.68
2026-05-11T11:13:43+02:00	fixed_type	relation_type	gpt2	2281366	1728932	1.65
2026-05-11T11:13:53+02:00	fixed_type	relation_type	gpt2	2281366	1729248	1.65
2026-05-11T11:14:03+02:00	fixed_type	relation_type	gpt2	2281366	1712632	1.63
2026-05-11T11:14:13+02:00	fixed_type	relation_type	gpt2	2281366	1729016	1.65
2026-05-11T11:14:23+02:00	fixed_type	relation_type	gpt2	2281366	1729300	1.65
2026-05-11T11:14:33+02:00	fixed_type	relation_type	gpt2	2281366	1729388	1.65
2026-05-11T11:14:43+02:00	fixed_type	relation_type	gpt2	2281366	1711784	1.63
2026-05-11T11:14:53+02:00	fixed_type	relation_type	gpt2	2281366	1729412	1.65
2026-05-11T11:15:03+02:00	fixed_type	relation_type	gpt2	2281366	1724212	1.64
2026-05-11T11:15:13+02:00	fixed_type	relation_type	gpt2	2281366	1752924	1.67
2026-05-11T11:15:23+02:00	fixed_type	relation_type	gpt2	2281366	1729240	1.65
2026-05-11T11:15:33+02:00	fixed_type	relation_type	gpt2	2281366	1724568	1.64
2026-05-11T11:15:43+02:00	fixed_type	relation_type	gpt2	2281366	1757052	1.68
2026-05-11T11:15:53+02:00	fixed_type	relation_type	gpt2	2281366	1729144	1.65
2026-05-11T11:16:03+02:00	fixed_type	relation_type	gpt2	2281366	1756880	1.68
2026-05-11T11:16:13+02:00	fixed_type	relation_type	gpt2	2281366	1755164	1.67
2026-05-11T11:16:23+02:00	fixed_type	relation_type	gpt2	2281366	1753320	1.67
2026-05-11T11:16:33+02:00	fixed_type	relation_type	gpt2	2281366	1753000	1.67
2026-05-11T11:16:43+02:00	fixed_type	relation_type	gpt2	2281366	1752952	1.67
2026-05-11T11:16:53+02:00	fixed_type	relation_type	gpt2	2281366	1727548	1.65
2026-05-11T11:17:03+02:00	fixed_type	relation_type	gpt2	2281366	1724584	1.64
2026-05-11T11:17:13+02:00	fixed_type	relation_type	gpt2	2281366	1713712	1.63
2026-05-11T11:17:23+02:00	fixed_type	relation_type	gpt2	2281366	1706852	1.63
2026-05-11T11:17:33+02:00	fixed_type	relation_type	gpt2	2281366	1768872	1.69
2026-05-11T11:17:43+02:00	fixed_type	relation_type	gpt2	2281366	1724392	1.64
2026-05-11T11:17:53+02:00	fixed_type	relation_type	gpt2	2281366	1724592	1.64
2026-05-11T11:18:03+02:00	fixed_type	relation_type	gpt2	2281366	1729284	1.65
2026-05-11T11:18:13+02:00	fixed_type	relation_type	gpt2	2281366	1729220	1.65
2026-05-11T11:18:23+02:00	fixed_type	relation_type	gpt2	2281366	1728908	1.65
2026-05-11T11:18:33+02:00	fixed_type	relation_type	gpt2	2281366	1729372	1.65
2026-05-11T11:18:43+02:00	fixed_type	relation_type	gpt2	2281366	1729308	1.65
2026-05-11T11:18:53+02:00	fixed_type	relation_type	gpt2	2281366	1729260	1.65
2026-05-11T11:19:03+02:00	fixed_type	relation_type	gpt2	2281366	1738052	1.66
2026-05-11T11:19:13+02:00	fixed_type	relation_type	gpt2	2281366	1738052	1.66
2026-05-11T11:19:23+02:00	fixed_type	relation_type	gpt2	2281366	1738052	1.66
2026-05-11T11:19:33+02:00	fixed_type	relation_type	gpt2	2281366	1738052	1.66
2026-05-11T11:19:43+02:00	fixed_type	relation_type	gpt2	2281366	1738052	1.66
2026-05-11T11:19:53+02:00	fixed_type	relation_type	gpt2	2281366	1738052	1.66
2026-05-11T11:20:03+02:00	fixed_type	relation_type	gpt2	2281366	1738052	1.66
2026-05-11T11:20:13+02:00	fixed_type	relation_type	gpt2	2281366	1738052	1.66
2026-05-11T11:20:23+02:00	fixed_type	relation_type	gpt2	2281366	1738052	1.66
2026-05-11T11:20:33+02:00	fixed_type	relation_type	gpt2	2281366	1738052	1.66
2026-05-11T11:20:43+02:00	fixed_type	relation_type	gpt2	2281366	1738052	1.66
2026-05-11T11:20:53+02:00	fixed_type	relation_type	gpt2	2281366	1738052	1.66
2026-05-11T11:21:03+02:00	fixed_type	relation_type	gpt2	2281366	1739468	1.66
2026-05-11T11:21:13+02:00	fixed_type	relation_type	gpt2	2281366	1739468	1.66
2026-05-11T11:21:23+02:00	fixed_type	relation_type	gpt2	2281366	1739468	1.66
2026-05-11T11:21:33+02:00	fixed_type	relation_type	gpt2	2281366	1739468	1.66
2026-05-11T11:21:43+02:00	fixed_type	relation_type	gpt2	2281366	1739468	1.66
2026-05-11T11:21:53+02:00	fixed_type	relation_type	gpt2	2281366	1739468	1.66
2026-05-11T11:22:03+02:00	fixed_type	relation_type	gpt2	2281366	1739468	1.66
2026-05-11T11:22:13+02:00	fixed_type	relation_type	gpt2	2281366	1739468	1.66
2026-05-11T11:22:23+02:00	fixed_type	relation_type	gpt2	2281366	1739468	1.66
