subset,model,feature,class,metric,layer,mean,ci_low,ci_high,n_tokens,word_rep_mode,source_csv
raw,gpt2,arity,0,pca99,0,585.260009765625,581.2249755859375,589.7750244140625,30000,last,en_ewt-ud-train_sentences.csv
raw,gpt2,arity,0,pca99,1,546.760009765625,545.0,548.7750244140625,30000,last,en_ewt-ud-train_sentences.csv
raw,gpt2,arity,0,pca99,2,571.6799926757812,570.0,573.0,30000,last,en_ewt-ud-train_sentences.csv
raw,gpt2,arity,0,pca99,3,631.6599731445312,631.0,632.0,30000,last,en_ewt-ud-train_sentences.csv
raw,gpt2,arity,0,pca99,4,666.1799926757812,666.0,667.0,30000,last,en_ewt-ud-train_sentences.csv
raw,gpt2,arity,0,pca99,5,677.5999755859375,677.0,678.0,30000,last,en_ewt-ud-train_sentences.csv
raw,gpt2,arity,0,pca99,6,686.6799926757812,686.0,687.0,30000,last,en_ewt-ud-train_sentences.csv
raw,gpt2,arity,0,pca99,7,694.0,694.0,694.0,30000,last,en_ewt-ud-train_sentences.csv
raw,gpt2,arity,0,pca99,8,700.0,700.0,700.0,30000,last,en_ewt-ud-train_sentences.csv
raw,gpt2,arity,0,pca99,9,701.9400024414062,701.0,702.0,30000,last,en_ewt-ud-train_sentences.csv
raw,gpt2,arity,0,pca99,10,703.2999877929688,703.0,704.0,30000,last,en_ewt-ud-train_sentences.csv
raw,gpt2,arity,0,pca99,11,702.6599731445312,702.0,703.0,30000,last,en_ewt-ud-train_sentences.csv
raw,gpt2,arity,0,pca99,12,225.66000366210938,220.22500610351562,230.0,30000,last,en_ewt-ud-train_sentences.csv
raw,gpt2,arity,1,pca99,0,672.0999755859375,671.0,673.0,19369,last,en_ewt-ud-train_sentences.csv
raw,gpt2,arity,1,pca99,1,594.9400024414062,594.0,596.0,19369,last,en_ewt-ud-train_sentences.csv
raw,gpt2,arity,1,pca99,2,610.4199829101562,610.0,611.0,19369,last,en_ewt-ud-train_sentences.csv
raw,gpt2,arity,1,pca99,3,642.47998046875,642.0,643.0,19369,last,en_ewt-ud-train_sentences.csv
raw,gpt2,arity,1,pca99,4,661.260009765625,661.0,662.0,19369,last,en_ewt-ud-train_sentences.csv
raw,gpt2,arity,1,pca99,5,667.9000244140625,667.0,668.0,19369,last,en_ewt-ud-train_sentences.csv
raw,gpt2,arity,1,pca99,6,674.780029296875,674.0,675.0,19369,last,en_ewt-ud-train_sentences.csv
raw,gpt2,arity,1,pca99,7,680.8800048828125,680.0,681.0,19369,last,en_ewt-ud-train_sentences.csv
raw,gpt2,arity,1,pca99,8,688.7999877929688,688.0,689.0,19369,last,en_ewt-ud-train_sentences.csv
raw,gpt2,arity,1,pca99,9,694.760009765625,694.0,695.0,19369,last,en_ewt-ud-train_sentences.csv
raw,gpt2,arity,1,pca99,10,698.6199951171875,698.0,699.0,19369,last,en_ewt-ud-train_sentences.csv
raw,gpt2,arity,1,pca99,11,698.3800048828125,698.0,699.0,19369,last,en_ewt-ud-train_sentences.csv
raw,gpt2,arity,1,pca99,12,240.0,231.22500610351562,250.10000610351562,19369,last,en_ewt-ud-train_sentences.csv
raw,gpt2,arity,2,pca99,0,667.280029296875,667.0,668.0,17546,last,en_ewt-ud-train_sentences.csv
raw,gpt2,arity,2,pca99,1,593.8200073242188,593.0,594.0,17546,last,en_ewt-ud-train_sentences.csv
raw,gpt2,arity,2,pca99,2,608.4400024414062,608.0,609.0,17546,last,en_ewt-ud-train_sentences.csv
raw,gpt2,arity,2,pca99,3,639.8400268554688,639.0,640.0,17546,last,en_ewt-ud-train_sentences.csv
raw,gpt2,arity,2,pca99,4,658.9000244140625,658.0,659.0,17546,last,en_ewt-ud-train_sentences.csv
raw,gpt2,arity,2,pca99,5,665.0599975585938,665.0,666.0,17546,last,en_ewt-ud-train_sentences.csv
raw,gpt2,arity,2,pca99,6,671.0999755859375,671.0,672.0,17546,last,en_ewt-ud-train_sentences.csv
raw,gpt2,arity,2,pca99,7,677.2000122070312,677.0,678.0,17546,last,en_ewt-ud-train_sentences.csv
raw,gpt2,arity,2,pca99,8,685.5399780273438,685.0,686.0,17546,last,en_ewt-ud-train_sentences.csv
raw,gpt2,arity,2,pca99,9,691.5999755859375,691.0,692.0,17546,last,en_ewt-ud-train_sentences.csv
raw,gpt2,arity,2,pca99,10,694.780029296875,694.0,695.0,17546,last,en_ewt-ud-train_sentences.csv
raw,gpt2,arity,2,pca99,11,692.9000244140625,692.0,693.0,17546,last,en_ewt-ud-train_sentences.csv
raw,gpt2,arity,2,pca99,12,224.02000427246094,216.22500610351562,234.77499389648438,17546,last,en_ewt-ud-train_sentences.csv
raw,gpt2,arity,3,pca99,0,656.6599731445312,656.0,657.0,13383,last,en_ewt-ud-train_sentences.csv
raw,gpt2,arity,3,pca99,1,586.3800048828125,586.0,587.0,13383,last,en_ewt-ud-train_sentences.csv
raw,gpt2,arity,3,pca99,2,599.280029296875,598.0,600.0,13383,last,en_ewt-ud-train_sentences.csv
raw,gpt2,arity,3,pca99,3,630.8599853515625,630.0,631.7750244140625,13383,last,en_ewt-ud-train_sentences.csv
raw,gpt2,arity,3,pca99,4,650.7999877929688,650.0,651.0,13383,last,en_ewt-ud-train_sentences.csv
raw,gpt2,arity,3,pca99,5,657.9000244140625,657.0,658.0,13383,last,en_ewt-ud-train_sentences.csv
raw,gpt2,arity,3,pca99,6,663.0999755859375,663.0,664.0,13383,last,en_ewt-ud-train_sentences.csv
raw,gpt2,arity,3,pca99,7,669.2999877929688,669.0,670.0,13383,last,en_ewt-ud-train_sentences.csv
raw,gpt2,arity,3,pca99,8,677.780029296875,677.0,678.0,13383,last,en_ewt-ud-train_sentences.csv
raw,gpt2,arity,3,pca99,9,683.780029296875,683.0,684.0,13383,last,en_ewt-ud-train_sentences.csv
raw,gpt2,arity,3,pca99,10,686.1799926757812,686.0,687.0,13383,last,en_ewt-ud-train_sentences.csv
raw,gpt2,arity,3,pca99,11,683.47998046875,683.0,684.0,13383,last,en_ewt-ud-train_sentences.csv
raw,gpt2,arity,3,pca99,12,181.74000549316406,171.4499969482422,192.10000610351562,13383,last,en_ewt-ud-train_sentences.csv
raw,gpt2,arity,4,pca99,0,654.5599975585938,653.0,656.0,13911,last,en_ewt-ud-train_sentences.csv
raw,gpt2,arity,4,pca99,1,582.0800170898438,581.0,583.0,13911,last,en_ewt-ud-train_sentences.csv
raw,gpt2,arity,4,pca99,2,594.5399780273438,594.0,595.7750244140625,13911,last,en_ewt-ud-train_sentences.csv
raw,gpt2,arity,4,pca99,3,625.4600219726562,625.0,626.0,13911,last,en_ewt-ud-train_sentences.csv
raw,gpt2,arity,4,pca99,4,645.1799926757812,645.0,646.0,13911,last,en_ewt-ud-train_sentences.csv
raw,gpt2,arity,4,pca99,5,652.4199829101562,652.0,653.0,13911,last,en_ewt-ud-train_sentences.csv
raw,gpt2,arity,4,pca99,6,657.0599975585938,657.0,658.0,13911,last,en_ewt-ud-train_sentences.csv
raw,gpt2,arity,4,pca99,7,663.6599731445312,663.0,664.0,13911,last,en_ewt-ud-train_sentences.csv
raw,gpt2,arity,4,pca99,8,672.5,672.0,673.0,13911,last,en_ewt-ud-train_sentences.csv
raw,gpt2,arity,4,pca99,9,678.9000244140625,678.0,679.0,13911,last,en_ewt-ud-train_sentences.csv
raw,gpt2,arity,4,pca99,10,682.0399780273438,682.0,682.7750244140625,13911,last,en_ewt-ud-train_sentences.csv
raw,gpt2,arity,4,pca99,11,680.02001953125,680.0,680.7750244140625,13911,last,en_ewt-ud-train_sentences.csv
raw,gpt2,arity,4,pca99,12,189.63999938964844,179.22500610351562,200.77499389648438,13911,last,en_ewt-ud-train_sentences.csv
